Student_ID,Gender,Department,Age,Attendance_Pct,Study_Hours,Assignment_Score,Internal_Marks,Final_Marks,Extracurricular,Enrollment_Date
S0001,Male,Engineering,17,70.8,3.4,61.0,24.0,51.0,Yes,15/08/2024
S0002,Female,Science,19,68.9,4.4,60.0,24.0,53.0,No,09/01/2024
S0003,Female,Commerce,19,88.6,5.0,62.0,31.0,75.0,No,08/03/2025
S0004,Male,Commerce,19,95.3,2.7,42.0,29.0,53.0,Yes,09/07/2024
S0005,Male,Engineering,20,88.6,5.8,53.0,29.0,71.0,No,08/09/2023
S0006,Female,Commerce,17,64.3,4.6,61.0,27.0,56.0,No,09/05/2025
S0007,Male,Commerce,17,79.7,1.1,46.0,19.0,28.0,No,14/01/2024
S0008,Female,Arts,21,79.9,1.0,35.0,21.0,33.0,No,04/01/2024
S0009,Male,Science,23,100.0,4.5,62.0,34.0,74.0,No,19/06/2025
S0010,Male,Science,18,71.6,4.1,61.0,27.0,43.0,No,10/02/2025
S0011,Female,Commerce,23,82.5,4.3,44.0,22.0,56.0,No,18/04/2025
S0012,Female,Commerce,19,100.0,,55.0,30.0,64.0,No,11/11/2024
S0013,Female,Science,19,91.8,4.9,68.0,33.0,80.0,No,29/05/2025
S0014,Female,Commerce,17,94.9,6.2,74.0,31.0,81.0,No,01/09/2023
S0015,Female,Commerce,19,84.9,2.5,43.0,26.0,47.0,No,22/09/2024
S0016,Female,Commerce,20,86.9,2.4,53.0,21.0,60.0,Yes,21/01/2024
S0017,Female,Commerce,21,91.5,2.5,61.0,20.0,48.0,Yes,14/04/2024
S0018,Male,Arts,18,79.4,5.0,71.0,28.0,72.0,No,08/12/2023
S0019,Female,Science,18,98.8,6.7,73.0,28.0,70.0,No,12/11/2023
S0020,Male,Engineering,20,71.8,3.7,55.0,24.0,63.0,Yes,20/05/2024
S0021,Female,Engineering,17,84.0,0.5,37.0,23.0,36.0,No,04/06/2025
S0022,Male,Commerce,18,83.9,1.4,51.0,15.0,37.0,Yes,21/10/2024
S0023,Male,Commerce,21,78.3,3.0,57.0,20.0,51.0,Yes,06/03/2024
S0024,Female,Commerce,23,85.0,3.5,63.0,22.0,59.0,No,12/05/2024
S0025,Female,Engineering,21,79.5,3.8,60.0,25.0,54.0,Yes,28/07/2024
S0026,Female,Arts,18,76.2,4.6,70.0,26.0,66.0,No,13/12/2023
S0027,Male,Engineering,23,82.3,3.9,60.0,30.0,55.0,Yes,21/07/2024
S0028,Female,Commerce,20,78.6,6.4,78.0,34.0,77.0,No,08/12/2024
S0029,Female,Arts,22,88.2,3.3,63.0,27.0,60.0,Yes,12/12/2023
S0030,Male,Science,18,72.8,2.9,48.0,24.0,50.0,No,10/09/2024
S0031,Male,Arts,21,95.2,,53.0,31.0,68.0,No,18/12/2024
S0032,Male,Science,17,70.7,1.7,61.0,18.0,44.0,Yes,20/07/2024
S0033,Male,Arts,21,absent,5.2,68.0,31.0,71.0,Yes,20/01/2024
S0034,Female,Engineering,18,80.8,4.7,50.0,24.0,78.0,Yes,17/08/2024
S0035,Female,Science,23,99.6,4.2,55.0,31.0,72.0,No,24/02/2025
S0036,Male,Arts,17,94.4,7.4,83.0,38.0,90.0,No,25/11/2023
S0037,Female,Science,21,83.0,3.4,55.0,26.0,78.0,No,02/09/2024
S0038,Female,Arts,17,97.3,8.2,77.0,36.0,92.0,No,26/11/2024
S0039,Male,Science,21,65.1,4.1,72.0,26.0,59.0,No,13/02/2024
S0040,Female,Engineering,20,82.9,2.2,43.0,14.0,54.0,No,06/04/2024
S0041,Male,Science,23,100.0,4.6,57.0,30.0,61.0,No,12/05/2025
S0042,Female,Engineering,21,85.2,2.6,55.0,23.0,49.0,No,17/03/2024
S0043,Female,Engineering,19,85.3,30.0,59.0,25.0,51.0,No,21/09/2024
S0044,Male,Arts,17,93.3,,70.0,32.0,74.0,No,28/09/2023
S0045,Male,Engineering,21,,5.5,75.0,30.0,71.0,Yes,10/06/2025
S0046,Female,Engineering,20,65.1,3.4,59.0,20.0,53.0,Yes,20/09/2024
S0047,Male,Engineering,17,72.6,6.3,75.0,29.0,79.0,Yes,29/01/2025
S0048,Female,Science,21,92.0,6.6,71.0,33.0,84.0,No,25/09/2024
S0049,Female,Arts,18,83.5,7.1,76.0,33.0,77.0,Yes,11/03/2024
S0050,Female,Science,18,100.0,5.5,68.0,31.0,68.0,No,28/02/2024
S0051,Female,Arts,17,87.3,7.0,77.0,36.0,87.0,No,12/12/2024
S0052,Male,Science,19,62.3,1.1,52.0,15.0,43.0,No,18/04/2025
S0053,Male,Arts,18,73.2,3.9,64.0,26.0,45.0,No,11/09/2023
S0054,Male,Arts,17,56.9,2.9,55.0,25.0,44.0,Yes,07/04/2025
S0055,Male,Commerce,20,84.7,4.7,57.0,23.0,66.0,No,26/03/2025
S0056,Male,Commerce,18,83.4,3.5,58.0,26.0,62.0,Yes,27/08/2023
S0057,Female,Engineering,17,82.1,4.2,61.0,25.0,67.0,No,26/08/2023
S0058,Male,Engineering,20,100.0,7.9,81.0,35.0,89.0,No,08/12/2024
S0059,Female,Commerce,17,98.3,4.2,79.0,26.0,,No,05/04/2025
S0060,Female,Arts,23,86.1,5.2,62.0,29.0,68.0,No,11/04/2024
S0061,Female,Engineering,20,64.8,4.1,64.0,30.0,51.0,Yes,25/10/2024
S0062,Female,Science,23,93.1,4.6,72.0,25.0,,No,08/08/2025
S0063,Male,Science,23,92.3,4.5,63.0,25.0,65.0,No,14/02/2024
S0064,Female,Science,23,91.0,5.3,85.0,26.0,69.0,No,28/11/2023
S0065,Male,Arts,20,99.7,6.6,70.0,38.0,66.0,Yes,02/08/2025
S0066,Male,Commerce,19,79.6,7.5,80.0,32.0,77.0,Yes,11/01/2024
S0067,Female,Engineering,22,100.0,5.1,59.0,30.0,71.0,No,13/06/2024
S0068,Male,Arts,17,78.8,5.6,65.0,28.0,66.0,Yes,19/05/2024
S0069,Male,Commerce,22,91.1,2.4,54.0,21.0,50.0,No,23/07/2024
S0070,Male,Engineering,19,69.6,4.3,68.0,25.0,62.0,No,01/01/2024
S0071,Female,Engineering,17,80.0,6.2,74.0,38.0,65.0,No,25/11/2024
S0072,Male,Science,18,100.0,6.1,81.0,36.0,65.0,Yes,05/12/2024
S0073,Male,Commerce,18,84.7,4.9,64.0,26.0,63.0,No,08/11/2023
S0074,M,Commerce,17,,22.0,68.0,34.0,81.0,Yes,19/06/2024
S0075,Female,Science,21,absent,5.4,89.0,27.0,82.0,No,16/07/2023
S0076,Male,Science,17,89.0,6.7,77.0,27.0,83.0,No,24/11/2023
S0077,Male,Engineering,22,100.0,5.0,59.0,33.0,60.0,Yes,29/07/2025
S0078,Male,Commerce,20,83.5,3.9,54.0,30.0,58.0,Yes,10/07/2024
S0079,Female,Commerce,22,69.8,5.1,58.0,30.0,65.0,Yes,11/10/2024
S0080,Female,Arts,19,72.7,0.5,50.0,17.0,37.0,No,12/05/2025
S0081,Female,Arts,17,93.3,5.2,63.0,29.0,73.0,No,22/12/2024
S0082,Male,Engineering,18,84.7,0.5,44.0,22.0,33.0,Yes,23/02/2025
S0083,Male,Engineering,21,66.4,1.4,46.0,21.0,40.0,Yes,21/12/2024
S0084,Female,Commerce,22,80.7,5.3,72.0,27.0,70.0,No,04/07/2024
S0085,Female,Commerce,18,82.3,5.4,60.0,24.0,74.0,Yes,19/10/2024
S0086,Female,Engineering,19,79.9,2.4,43.0,23.0,44.0,No,17/01/2024
S0087,Male,Arts,23,71.0,3.2,58.0,27.0,50.0,No,13/05/2025
S0088,Male,Engineering,22,84.2,7.0,80.0,29.0,59.0,No,22/10/2023
S0089,Female,Science,19,78.1,3.6,61.0,27.0,52.0,No,08/05/2025
S0090,Female,Engineering,18,100.0,8.5,76.0,38.0,87.0,No,03/05/2025
S0091,Male,Arts,19,94.8,4.5,68.0,31.0,59.0,No,22/09/2023
S0092,Female,Science,20,86.3,5.2,60.0,32.0,69.0,Yes,20/12/2024
S0093,Female,Arts,20,87.2,,73.0,31.0,81.0,Yes,31/07/2025
S0094,Male,Arts,18,88.4,4.7,56.0,23.0,49.0,No,31/08/2024
S0095,Female,Science,17,75.9,2.7,64.0,21.0,52.0,Yes,28/02/2024
S0096,Male,Commerce,20,75.0,4.3,67.0,29.0,53.0,No,04/05/2025
S0097,Male,Engineering,22,77.2,4.4,67.0,25.0,64.0,No,15/07/2024
S0098,Female,Science,18,76.7,2.0,60.0,20.0,37.0,No,06/09/2023
S0099,Female,Commerce,19,74.4,4.0,83.0,20.0,58.0,Yes,17/12/2023
S0100,Male,Commerce,18,86.4,,42.0,30.0,54.0,No,27/11/2024
S0101,Female,Commerce,18,96.6,6.2,65.0,35.0,78.0,No,30/05/2024
S0102,Male,Engineering,21,71.0,4.6,58.0,29.0,61.0,Yes,21/11/2023
S0103,Female,Engineering,19,86.3,4.0,53.0,30.0,59.0,No,01/03/2025
S0104,Male,Science,18,84.3,4.3,53.0,29.0,51.0,No,05/09/2023
S0105,Female,Engineering,23,90.8,4.9,62.0,28.0,57.0,No,23/11/2023
S0106,Female,Engineering,18,88.3,5.6,58.0,30.0,67.0,No,07/06/2024
S0107,Female,Science,18,69.5,2.7,56.0,21.0,49.0,Yes,02/07/2023
S0108,Female,Engineering,23,71.3,2.6,53.0,30.0,44.0,No,05/04/2024
S0109,Male,Science,20,90.0,6.5,76.0,34.0,81.0,No,28/05/2025
S0110,Female,Engineering,17,96.0,3.8,63.0,26.0,60.0,Yes,22/06/2025
S0111,Male,Arts,19,60.7,1.9,54.0,21.0,35.0,No,28/04/2025
S0112,Female,Arts,20,91.4,5.3,64.0,27.0,68.0,Yes,15/02/2024
S0113,Female,Science,18,99.8,5.3,83.0,35.0,73.0,Yes,22/07/2023
S0114,Male,Engineering,20,81.0,1.7,50.0,20.0,48.0,No,13/03/2025
S0115,Female,Science,21,92.9,4.9,50.0,31.0,81.0,Yes,25/03/2024
S0116,Female,Science,18,81.7,5.8,61.0,33.0,66.0,No,20/01/2025
S0117,Male,Science,22,86.6,5.2,52.0,30.0,67.0,Yes,04/09/2023
S0118,Male,Engineering,20,72.2,5.6,68.0,29.0,70.0,No,16/11/2024
S0119,Male,Science,23,59.6,2.0,49.0,20.0,42.0,Yes,12/09/2024
S0120,Male,Engineering,17,97.1,5.1,62.0,30.0,66.0,No,06/06/2025
S0121,Male,Arts,19,76.2,4.0,76.0,24.0,47.0,Yes,21/08/2023
S0122,Female,Science,22,80.8,3.6,62.0,24.0,53.0,No,22/04/2024
S0123,Female,Science,23,75.3,6.1,76.0,34.0,63.0,Yes,31/07/2025
S0124,Male,Science,18,76.7,7.2,69.0,32.0,65.0,Yes,07/04/2024
S0125,female,Arts,23,89.8,7.7,71.0,32.0,78.0,No,08/11/2024
S0126,Female,Engineering,18,83.1,6.9,75.0,31.0,70.0,No,07/10/2023
S0127,Male,Science,19,90.2,4.3,63.0,31.0,67.0,No,03/01/2025
S0128,Female,Engineering,19,92.2,5.1,51.0,31.0,73.0,Yes,07/01/2024
S0129,Female,Science,19,92.1,5.9,68.0,33.0,67.0,Yes,31/08/2024
S0130,Female,Engineering,23,89.4,4.7,64.0,28.0,64.0,No,04/05/2025
S0131,Female,Engineering,22,100.0,4.7,62.0,31.0,55.0,No,10/11/2024
S0132,Female,Engineering,22,78.3,6.0,63.0,28.0,67.0,Yes,14/06/2024
S0133,Male,Arts,18,86.1,4.4,58.0,27.0,66.0,No,31/10/2023
S0134,Female,Engineering,23,96.1,3.2,55.0,29.0,64.0,No,29/02/2024
S0135,Female,Science,20,98.3,3.8,60.0,30.0,57.0,No,10/04/2025
S0136,Male,Science,21,74.2,5.6,73.0,26.0,75.0,Yes,20/11/2023
S0137,Female,Science,21,83.6,4.5,71.0,25.0,52.0,No,07/11/2024
S0138,Male,Commerce,21,100.0,5.1,63.0,31.0,62.0,Yes,22/06/2024
S0139,Male,Arts,21,93.6,5.7,65.0,36.0,78.0,No,12/02/2024
S0140,Male,Arts,20,87.7,3.8,63.0,21.0,71.0,Yes,25/12/2024
S0141,Female,Engineering,21,86.7,5.9,74.0,31.0,76.0,No,16/03/2024
S0142,Male,Science,23,84.0,5.2,63.0,25.0,67.0,No,16/01/2024
S0143,Male,Arts,19,86.3,2.3,58.0,21.0,35.0,No,28/07/2024
S0144,Male,Science,20,88.1,7.1,83.0,32.0,65.0,Yes,27/01/2025
S0145,Female,Science,18,85.0,3.6,68.0,24.0,59.0,Yes,22/04/2025
S0146,Female,Arts,19,83.0,1.5,62.0,20.0,42.0,No,16/10/2024
S0147,Male,Engineering,22,77.1,2.6,46.0,23.0,42.0,No,11/11/2024
S0148,Male,Arts,21,89.4,2.7,54.0,23.0,54.0,No,20/02/2025
S0149,Female,Science,18,,4.6,63.0,25.0,68.0,Yes,02/01/2024
S0150,Male,Arts,20,68.2,4.0,59.0,27.0,63.0,No,18/12/2023
S0151,Female,Science,22,89.1,3.9,54.0,29.0,62.0,Yes,22/06/2024
S0152,Male,Engineering,17,80.8,5.6,56.0,32.0,77.0,Yes,17/10/2024
S0153,Female,Arts,17,93.4,5.1,66.0,25.0,69.0,Yes,29/10/2024
S0154,Male,Science,19,88.1,5.1,59.0,30.0,67.0,No,01/10/2023
S0155,female,Science,21,95.4,5.2,67.0,32.0,78.0,Yes,14/02/2025
S0156,Female,Science,19,100.0,5.6,62.0,28.0,67.0,Yes,18/03/2024
S0157,Male,Engineering,22,83.0,0.7,35.0,20.0,60.0,No,02/05/2025
S0158,Female,Commerce,22,97.0,3.8,61.0,27.0,65.0,No,31/12/2024
S0159,Female,Engineering,20,57.5,0.6,44.0,22.0,36.0,Yes,26/07/2025
S0160,Female,Arts,19,100.0,4.6,68.0,35.0,71.0,Yes,18/10/2024
S0161,Female,Arts,17,90.5,4.5,80.0,23.0,78.0,No,26/07/2024
S0162,Female,Science,22,100.0,6.4,74.0,40.0,84.0,Yes,29/10/2023
S0163,Male,Engineering,23,77.7,6.6,77.0,28.0,63.0,Yes,14/04/2024
S0164,Male,Commerce,20,79.0,4.9,56.0,31.0,74.0,No,17/04/2025
S0165,Male,Arts,20,86.9,3.6,48.0,29.0,56.0,Yes,01/04/2024
S0166,Female,Arts,22,87.9,5.4,80.0,27.0,70.0,No,13/07/2023
S0167,Male,Arts,21,88.1,3.5,50.0,27.0,49.0,Yes,14/12/2023
S0168,Male,Engineering,17,97.6,4.5,54.0,28.0,70.0,Yes,19/09/2024
S0169,Male,Science,21,71.8,6.3,71.0,31.0,66.0,Yes,16/10/2024
S0170,Male,Commerce,23,95.0,3.5,57.0,27.0,60.0,Yes,27/07/2025
S0171,Male,Commerce,22,89.1,6.0,63.0,34.0,71.0,Yes,17/06/2025
S0172,Male,Commerce,20,86.5,5.7,66.0,30.0,84.0,Yes,30/07/2024
S0173,Female,Science,20,69.5,2.8,64.0,22.0,63.0,No,17/08/2024
S0174,Female,Science,18,94.5,6.3,65.0,35.0,77.0,No,02/03/2025
S0175,Female,Science,21,,5.8,58.0,30.0,66.0,Yes,09/07/2023
S0176,Male,Commerce,18,93.5,25.5,71.0,31.0,64.0,No,19/09/2024
S0177,Female,Commerce,19,,3.1,59.0,21.0,59.0,No,14/06/2024
S0178,Male,Arts,18,85.0,3.0,50.0,21.0,52.0,No,16/02/2025
S0179,Female,Arts,19,84.1,3.5,45.0,24.0,54.0,Yes,02/03/2025
S0180,Female,Commerce,19,99.9,5.5,62.0,29.0,80.0,Yes,06/11/2024
S0181,Female,Commerce,17,82.4,2.8,54.0,26.0,49.0,Yes,07/11/2024
S0182,Male,Science,22,,5.3,76.0,32.0,67.0,Yes,04/12/2024
S0183,Male,Arts,20,78.4,2.3,43.0,22.0,37.0,Yes,07/09/2024
S0184,Female,Commerce,23,98.9,4.1,60.0,32.0,69.0,No,30/11/2023
S0185,Male,Science,18,92.4,4.7,69.0,33.0,80.0,No,14/01/2024
S0186,Male,Commerce,21,89.5,8.9,65.0,37.0,96.0,Yes,14/01/2025
S0187,M,Commerce,18,80.6,2.0,58.0,20.0,57.0,No,07/10/2024
S0188,Male,Science,20,75.0,7.1,66.0,36.0,70.0,Yes,08/12/2023
S0189,Male,Arts,20,91.1,4.8,67.0,29.0,68.0,No,03/05/2025
S0190,Male,Arts,20,70.2,5.2,68.0,28.0,57.0,No,24/07/2025
S0191,Female,Arts,21,94.6,4.7,72.0,28.0,65.0,Yes,13/10/2024
S0192,Female,Arts,22,89.2,5.3,71.0,27.0,75.0,No,30/11/2023
S0193,Female,Arts,19,100.0,4.2,42.0,24.0,66.0,No,20/06/2025
S0194,Male,Commerce,22,79.6,7.1,69.0,34.0,68.0,No,07/12/2023
S0195,Female,Engineering,18,84.5,3.7,60.0,23.0,49.0,No,11/05/2024
S0196,Male,Commerce,19,100.0,6.5,71.0,40.0,69.0,No,17/04/2025
S0197,Male,Commerce,19,96.9,3.3,60.0,23.0,62.0,Yes,21/07/2024
S0198,Male,Arts,23,79.6,,68.0,23.0,76.0,Yes,12/12/2023
S0199,Male,Commerce,17,,2.6,58.0,25.0,62.0,No,04/08/2023
S0200,Female,Commerce,19,88.0,5.3,65.0,34.0,56.0,Yes,15/03/2024
S0201,Male,Arts,19,93.5,7.1,61.0,34.0,91.0,No,19/11/2024
S0202,Female,Engineering,22,79.6,4.4,58.0,28.0,68.0,No,23/12/2024
S0203,Male,Engineering,20,85.3,4.1,64.0,21.0,50.0,No,26/11/2023
S0204,Female,Commerce,23,67.8,2.5,44.0,20.0,45.0,Yes,05/10/2023
S0205,Male,Commerce,22,absent,4.1,66.0,24.0,,No,13/12/2024
S0206,Male,Engineering,21,86.9,1.6,55.0,16.0,50.0,Yes,06/10/2023
S0207,Female,Commerce,22,82.1,2.9,56.0,24.0,44.0,Yes,22/07/2023
S0208,Female,Engineering,18,71.2,4.9,40.0,20.0,66.0,Yes,24/06/2024
S0209,Male,Commerce,20,100.0,6.9,64.0,30.0,66.0,No,30/08/2024
S0210,Female,Science,21,98.0,9.6,100.0,37.0,96.0,No,12/12/2023
S0211,Male,Science,18,77.8,3.4,53.0,22.0,63.0,Yes,16/11/2023
S0212,Female,Engineering,17,87.8,7.1,60.0,34.0,80.0,No,06/12/2023
S0213,Female,Science,17,72.3,4.9,74.0,28.0,59.0,Yes,01/03/2024
S0214,Male,Science,22,76.0,4.2,61.0,29.0,65.0,No,08/06/2023
S0215,Female,Commerce,21,82.6,5.3,75.0,31.0,74.0,Yes,10/06/2023
S0216,Male,Science,18,99.2,4.6,65.0,33.0,77.0,No,23/03/2024
S0217,Male,Commerce,22,,4.7,67.0,27.0,69.0,No,16/06/2023
S0218,Male,Arts,21,92.1,,62.0,28.0,68.0,No,10/02/2024
S0219,Male,Science,22,77.6,2.0,56.0,23.0,52.0,Yes,07/09/2024
S0220,Female,Engineering,23,85.0,1.7,67.0,22.0,48.0,No,25/06/2023
S0221,Male,Engineering,23,87.1,5.7,76.0,29.0,72.0,No,07/10/2024
S0222,Male,Commerce,18,94.7,4.0,47.0,26.0,61.0,No,09/10/2024
S0223,Female,Science,22,79.8,3.4,61.0,22.0,47.0,No,01/09/2024
S0224,Male,Arts,19,71.0,4.5,72.0,27.0,53.0,No,14/10/2024
S0225,Female,Science,19,75.0,5.9,79.0,29.0,67.0,Yes,09/03/2025
S0226,Male,Commerce,21,81.9,4.8,61.0,26.0,66.0,No,27/07/2023
S0227,Female,Engineering,21,72.5,3.3,66.0,22.0,63.0,Yes,14/10/2023
S0228,Female,Engineering,19,94.2,6.7,81.0,29.0,78.0,No,09/02/2024
S0229,Female,Engineering,23,86.3,7.3,97.0,36.0,87.0,Yes,02/12/2024
S0230,Male,Commerce,18,100.0,5.4,61.0,31.0,80.0,Yes,29/04/2025
S0231,Male,Arts,17,72.1,6.3,67.0,27.0,69.0,No,04/06/2025
S0232,Female,Arts,17,92.1,6.7,71.0,35.0,82.0,No,08/09/2024
S0233,Male,Commerce,22,78.5,6.5,69.0,29.0,72.0,No,24/04/2024
S0234,Female,Arts,19,83.5,5.6,61.0,25.0,79.0,No,25/04/2024
S0235,Male,Science,20,89.8,5.6,46.0,33.0,76.0,Yes,18/07/2023
S0236,Female,Science,21,64.8,5.4,64.0,26.0,55.0,Yes,07/06/2024
S0237,Female,Commerce,20,86.1,2.5,55.0,22.0,53.0,Yes,15/07/2024
S0238,Male,Science,21,100.0,5.8,65.0,32.0,86.0,No,14/11/2023
S0239,Male,Science,17,78.6,2.1,66.0,25.0,46.0,No,04/02/2025
S0240,Female,Engineering,18,87.2,3.1,56.0,25.0,59.0,No,11/03/2025
S0241,Male,Engineering,23,100.0,6.8,84.0,30.0,85.0,No,28/01/2024
S0242,Female,Arts,20,87.4,6.0,72.0,32.0,66.0,Yes,01/06/2025
S0243,Male,Engineering,18,,7.2,83.0,31.0,83.0,No,25/08/2023
S0244,Female,Engineering,19,63.2,4.0,62.0,30.0,45.0,No,29/05/2025
S0245,Female,Science,19,90.0,2.4,63.0,24.0,48.0,No,04/02/2025
S0246,Male,Commerce,18,85.0,4.1,61.0,20.0,68.0,Yes,27/11/2023
S0247,Female,Commerce,19,76.9,4.7,67.0,28.0,65.0,Yes,02/11/2024
S0248,Male,Science,22,88.2,4.6,66.0,34.0,63.0,No,04/02/2024
S0249,Female,Engineering,17,83.9,6.5,70.0,36.0,78.0,Yes,01/03/2025
S0250,Male,Commerce,19,80.4,3.8,62.0,31.0,57.0,No,07/10/2023
S0251,Male,Commerce,20,93.7,5.1,83.0,27.0,69.0,Yes,13/12/2023
S0252,Male,Science,20,70.7,2.7,51.0,25.0,53.0,No,01/02/2024
S0253,Male,Science,23,98.4,5.3,70.0,28.0,66.0,No,07/11/2023
S0254,Male,Engineering,23,72.8,4.5,73.0,27.0,60.0,No,22/02/2024
S0255,Female,Science,19,78.2,3.2,65.0,20.0,52.0,Yes,25/09/2024
S0256,Male,Science,20,100.0,4.1,61.0,26.0,54.0,Yes,19/10/2024
S0257,Female,Science,17,97.6,4.2,42.0,26.0,,Yes,17/08/2024
S0258,Male,Commerce,21,87.0,4.0,64.0,29.0,72.0,No,30/10/2023
S0259,Male,Arts,18,82.1,7.7,61.0,36.0,84.0,Yes,09/11/2023
S0260,Female,Commerce,17,81.2,4.3,73.0,28.0,,No,05/06/2025
S0261,Female,Science,21,86.9,4.1,62.0,23.0,51.0,Yes,19/12/2023
S0262,Male,Science,18,81.4,0.7,51.0,19.0,39.0,Yes,22/08/2023
S0263,Male,Engineering,20,83.4,2.9,47.0,22.0,64.0,No,29/05/2024
S0264,Female,Arts,17,85.7,4.0,48.0,29.0,59.0,No,06/06/2023
S0265,Female,Arts,22,82.8,3.3,59.0,28.0,65.0,No,01/03/2024
S0266,Female,Arts,22,76.1,7.0,75.0,35.0,78.0,No,14/04/2025
S0267,M,Engineering,21,81.1,4.2,57.0,24.0,64.0,No,31/12/2023
S0268,Male,Science,22,99.3,6.8,75.0,25.0,71.0,No,15/12/2024
S0269,Female,Commerce,20,73.2,4.6,85.0,21.0,67.0,No,26/06/2024
S0270,Female,Commerce,18,85.0,4.6,70.0,32.0,62.0,Yes,11/03/2024
S0271,Male,Commerce,18,78.3,,70.0,25.0,66.0,No,11/11/2024
S0272,Male,Engineering,18,87.9,4.5,69.0,26.0,58.0,No,19/09/2024
S0273,Male,Commerce,18,87.5,7.6,90.0,39.0,84.0,Yes,10/02/2024
S0274,Female,Engineering,19,95.5,0.5,41.0,24.0,44.0,No,26/11/2023
S0275,Male,Engineering,18,86.4,0.9,28.0,21.0,41.0,No,03/06/2025
S0276,Male,Commerce,21,72.1,3.5,56.0,23.0,57.0,No,13/10/2023
S0277,Male,Engineering,18,93.5,4.5,69.0,28.0,64.0,Yes,07/07/2025
S0278,Female,Arts,21,80.8,5.7,61.0,30.0,65.0,No,11/06/2024
S0279,Male,Engineering,19,82.3,5.4,66.0,34.0,79.0,No,06/08/2025
S0280,Male,Commerce,21,88.8,3.8,53.0,28.0,67.0,Yes,09/03/2024
S0281,Male,Commerce,20,84.5,6.3,84.0,33.0,69.0,Yes,26/08/2024
S0282,Male,Commerce,23,,6.4,78.0,36.0,82.0,Yes,05/10/2024
S0283,Female,Science,20,79.5,4.8,69.0,24.0,58.0,Yes,26/02/2024
S0284,Male,Commerce,19,83.1,6.2,76.0,33.0,65.0,No,22/11/2023
S0285,Male,Engineering,21,80.9,5.0,65.0,27.0,72.0,No,21/07/2024
S0286,Female,Arts,21,79.6,3.5,59.0,17.0,44.0,Yes,12/11/2024
S0287,Male,Science,20,99.7,5.8,60.0,25.0,81.0,Yes,27/12/2023
S0288,Female,Commerce,20,93.3,4.7,46.0,26.0,65.0,No,03/02/2025
S0289,Female,Science,20,100.0,4.5,64.0,31.0,,Yes,24/10/2024
S0290,Male,Science,19,100.0,7.2,79.0,35.0,86.0,No,12/10/2023
S0291,Female,Engineering,19,70.4,0.5,52.0,19.0,40.0,Yes,20/06/2025
S0292,Male,Commerce,23,,1.9,62.0,28.0,42.0,Yes,06/07/2023
S0293,Female,Commerce,21,71.8,2.4,65.0,18.0,52.0,No,04/11/2024
S0294,Male,Arts,17,77.9,3.8,51.0,25.0,58.0,Yes,17/05/2024
S0295,Female,Science,23,79.7,4.0,57.0,27.0,50.0,No,05/11/2024
S0296,Female,Science,21,,1.8,53.0,19.0,43.0,Yes,09/02/2025
S0297,Female,Arts,17,73.5,2.7,74.0,23.0,59.0,No,01/12/2024
S0298,Male,Arts,22,83.1,3.0,67.0,20.0,66.0,No,02/11/2024
S0299,Male,Engineering,21,81.2,8.9,93.0,40.0,94.0,No,03/04/2025
S0300,Male,Arts,23,100.0,7.7,75.0,33.0,78.0,Yes,13/12/2024
S0301,Male,Commerce,20,76.5,3.8,52.0,31.0,60.0,No,12/03/2025
S0302,Female,Engineering,20,100.0,3.8,65.0,28.0,69.0,No,18/04/2024
S0303,Male,Engineering,19,79.1,2.4,43.0,26.0,54.0,Yes,10/11/2023
S0304,Female,Arts,19,82.4,1.1,44.0,20.0,48.0,Yes,05/12/2023
S0305,Female,Engineering,21,73.5,4.3,61.0,26.0,62.0,No,02/10/2024
S0306,Male,Engineering,22,100.0,2.7,66.0,24.0,56.0,Yes,30/07/2024
S0307,Male,Engineering,23,97.6,4.3,59.0,29.0,61.0,No,01/08/2023
S0308,Female,Science,22,85.4,1.6,28.0,23.0,33.0,No,11/11/2023
S0309,Male,Arts,21,71.2,3.1,60.0,21.0,54.0,Yes,14/07/2025
S0310,Male,Commerce,20,89.3,4.8,58.0,28.0,67.0,No,01/01/2025
S0311,Female,Arts,19,76.6,5.2,66.0,26.0,69.0,No,24/01/2025
S0312,Female,Arts,22,100.0,5.3,66.0,37.0,62.0,Yes,05/11/2023
S0313,M,Engineering,19,91.2,2.1,48.0,23.0,55.0,No,22/07/2023
S0314,Male,Engineering,18,90.0,6.0,76.0,36.0,88.0,Yes,20/01/2024
S0315,Male,Science,23,60.3,3.1,43.0,22.0,49.0,Yes,16/04/2025
S0316,Female,Arts,21,78.6,5.6,64.0,30.0,68.0,No,10/07/2024
S0317,Female,Arts,19,93.6,4.5,68.0,24.0,68.0,Yes,17/02/2025
S0318,Female,Commerce,23,95.1,2.0,45.0,22.0,65.0,No,24/06/2024
S0319,Female,Science,23,96.9,3.9,47.0,28.0,55.0,Yes,27/06/2024
S0320,Female,Science,19,71.9,5.2,71.0,32.0,66.0,No,23/09/2024
S0321,Male,Engineering,20,91.4,5.6,77.0,31.0,66.0,Yes,07/07/2025
S0322,Male,Commerce,20,96.5,4.2,61.0,32.0,60.0,No,15/05/2024
S0323,Female,Engineering,21,74.4,7.3,61.0,34.0,77.0,No,19/09/2024
S0324,Female,Commerce,23,89.4,6.3,77.0,36.0,85.0,No,05/06/2025
S0325,female,Engineering,20,88.7,4.0,47.0,27.0,74.0,No,24/03/2024
S0326,Male,Commerce,22,85.8,5.9,72.0,38.0,75.0,No,02/04/2025
S0327,Male,Engineering,21,73.5,8.0,73.0,32.0,79.0,No,02/08/2024
S0328,Male,Science,23,88.7,8.0,71.0,33.0,100.0,No,04/05/2025
S0329,Male,Arts,19,80.2,2.3,48.0,19.0,46.0,No,09/06/2024
S0330,Female,Engineering,19,82.7,2.8,53.0,31.0,48.0,No,16/10/2024
S0331,Female,Engineering,19,85.2,7.2,71.0,35.0,67.0,No,14/02/2024
S0332,Male,Engineering,23,79.5,2.6,58.0,22.0,60.0,Yes,21/10/2024
S0333,Male,Science,21,82.8,2.1,47.0,26.0,55.0,No,16/02/2024
S0334,Female,Commerce,18,89.8,3.6,66.0,28.0,,No,30/09/2024
S0335,Male,Science,17,84.9,5.3,69.0,35.0,58.0,Yes,21/02/2025
S0336,Female,Science,20,82.4,4.3,56.0,22.0,72.0,Yes,13/05/2024
S0337,Female,Arts,22,85.9,3.3,50.0,24.0,57.0,No,09/05/2024
S0338,Male,Arts,20,65.7,3.3,43.0,22.0,57.0,No,13/02/2024
S0339,Male,Engineering,20,89.6,3.2,58.0,19.0,45.0,Yes,05/01/2025
S0340,Female,Engineering,22,84.3,2.9,52.0,27.0,64.0,Yes,16/09/2024
S0341,M,Arts,20,93.3,8.6,64.0,36.0,95.0,Yes,18/07/2024
S0342,Male,Engineering,23,97.1,5.0,61.0,32.0,69.0,No,21/06/2023
S0343,Female,Science,21,69.6,6.1,63.0,36.0,74.0,No,28/08/2023
S0344,Female,Science,22,65.7,3.6,71.0,23.0,48.0,No,06/06/2023
S0345,Female,Arts,22,89.0,4.2,47.0,26.0,58.0,No,11/04/2025
S0346,Male,Engineering,21,84.7,3.2,44.0,25.0,52.0,No,12/04/2025
S0347,Female,Science,17,82.5,0.5,51.0,22.0,26.0,Yes,25/07/2023
S0348,Female,Commerce,19,78.4,2.0,61.0,20.0,53.0,No,08/07/2023
S0349,Male,Arts,17,88.4,1.2,40.0,19.0,53.0,Yes,15/02/2025
S0350,Male,Science,20,90.1,0.5,37.0,23.0,36.0,Yes,24/07/2024
S0351,Female,Commerce,18,88.3,2.3,56.0,25.0,53.0,No,03/02/2024
S0352,Male,Engineering,20,87.7,6.9,56.0,26.0,76.0,No,04/10/2024
S0353,Male,Arts,19,65.5,4.4,47.0,22.0,60.0,Yes,07/12/2023
S0354,Male,Science,17,97.9,6.8,72.0,38.0,76.0,No,06/11/2023
S0355,Female,Engineering,17,100.0,5.2,78.0,32.0,65.0,No,20/03/2024
S0356,Female,Commerce,20,95.3,5.9,66.0,29.0,82.0,Yes,17/05/2025
S0357,Male,Engineering,17,75.6,2.9,55.0,23.0,51.0,Yes,03/02/2025
S0358,Female,Science,22,94.8,5.4,76.0,30.0,85.0,Yes,31/10/2023
S0359,Male,Arts,22,,5.8,86.0,34.0,74.0,No,23/08/2024
S0360,Female,Commerce,21,100.0,3.5,53.0,23.0,55.0,No,08/05/2025
S0361,Female,Science,18,79.5,5.5,67.0,26.0,76.0,No,01/07/2025
S0362,Female,Engineering,22,86.0,5.5,82.0,30.0,74.0,Yes,31/01/2025
S0363,M,Science,21,92.7,3.5,45.0,26.0,64.0,No,12/09/2023
S0364,Female,Science,19,84.3,2.5,61.0,25.0,59.0,No,10/12/2023
S0365,Male,Commerce,17,72.4,2.4,44.0,18.0,43.0,No,22/11/2023
S0366,Female,Arts,20,91.2,4.7,64.0,30.0,65.0,Yes,29/09/2023
S0367,Male,Engineering,22,93.4,5.1,64.0,33.0,68.0,No,19/10/2023
S0368,Male,Engineering,17,85.5,3.1,48.0,26.0,46.0,No,08/02/2024
S0369,Male,Science,17,88.9,4.5,55.0,28.0,62.0,Yes,18/08/2024
S0370,Female,Commerce,19,85.7,5.5,70.0,29.0,79.0,Yes,14/04/2024
S0371,Male,Science,20,100.0,5.6,76.0,29.0,75.0,Yes,02/05/2024
S0372,Female,Arts,20,81.9,7.3,75.0,33.0,70.0,Yes,14/12/2023
S0373,Male,Engineering,19,84.3,6.8,75.0,36.0,66.0,No,29/09/2023
S0374,Male,Arts,18,84.2,2.7,58.0,23.0,64.0,Yes,08/08/2025
S0375,Female,Arts,17,100.0,7.5,70.0,32.0,84.0,Yes,22/09/2024
S0376,Male,Commerce,17,70.3,3.5,63.0,23.0,49.0,No,01/12/2023
S0377,Female,Engineering,17,76.5,,79.0,31.0,71.0,Yes,09/03/2025
S0378,Female,Commerce,21,66.5,4.6,84.0,25.0,49.0,Yes,26/03/2025
S0379,Male,Science,22,86.0,3.8,56.0,28.0,69.0,No,13/07/2025
S0380,Male,Commerce,20,70.6,1.2,42.0,21.0,37.0,Yes,06/10/2023
S0381,Male,Science,17,,4.2,67.0,29.0,70.0,Yes,24/10/2024
S0382,Female,Science,19,89.2,1.7,55.0,27.0,48.0,Yes,24/07/2025
S0383,Female,Science,23,82.9,6.2,67.0,34.0,83.0,Yes,07/03/2025
S0384,Male,Commerce,18,,7.2,73.0,31.0,83.0,No,28/11/2023
S0385,Male,Arts,20,81.7,3.1,60.0,22.0,60.0,Yes,15/05/2025
S0386,Male,Commerce,20,94.2,5.0,58.0,29.0,74.0,Yes,03/05/2024
S0387,Male,Commerce,19,89.6,3.2,53.0,24.0,61.0,No,26/06/2024
S0388,Female,Engineering,20,78.2,3.4,58.0,21.0,57.0,No,20/08/2024
S0389,Female,Engineering,20,87.2,5.9,77.0,29.0,71.0,Yes,07/02/2025
S0390,Male,Commerce,20,97.0,4.4,57.0,27.0,79.0,Yes,05/09/2023
S0391,Female,Science,22,95.3,7.6,63.0,33.0,78.0,No,05/08/2024
S0392,Male,Engineering,21,71.4,3.6,43.0,23.0,54.0,No,15/03/2025
S0393,Male,Science,17,96.0,6.3,61.0,36.0,77.0,No,12/08/2024
S0394,Female,Commerce,17,76.2,4.7,53.0,28.0,65.0,Yes,06/01/2024
S0395,Female,Engineering,19,100.0,5.9,68.0,39.0,72.0,Yes,16/07/2023
S0396,Female,Commerce,23,95.8,3.7,49.0,27.0,63.0,No,13/08/2024
S0397,Male,Arts,17,89.5,4.4,56.0,27.0,63.0,No,14/12/2024
S0398,Male,Arts,17,88.0,4.3,55.0,27.0,52.0,No,13/08/2024
S0399,Male,Arts,21,82.4,3.0,51.0,25.0,54.0,Yes,23/07/2025
S0400,Male,Science,20,95.3,5.7,79.0,32.0,65.0,No,25/09/2024
S0401,Female,Science,18,84.8,5.7,74.0,36.0,58.0,Yes,11/07/2024
S0402,Female,Commerce,18,90.8,5.6,68.0,28.0,72.0,No,15/07/2023
S0403,Male,Science,21,absent,7.3,73.0,37.0,87.0,No,20/08/2024
S0404,Female,Engineering,20,85.0,7.1,72.0,33.0,83.0,No,13/10/2023
S0405,Male,Science,21,79.5,3.8,62.0,21.0,62.0,Yes,31/12/2024
S0406,Female,Arts,18,75.9,5.2,71.0,30.0,52.0,No,07/10/2023
S0407,Male,Engineering,20,74.5,3.4,50.0,28.0,44.0,No,26/05/2025
S0408,M,Engineering,23,68.5,4.5,63.0,23.0,73.0,No,28/01/2024
S0409,Female,Commerce,19,92.4,3.4,41.0,26.0,51.0,Yes,13/05/2024
S0410,Male,Commerce,19,100.0,7.4,79.0,30.0,89.0,No,24/09/2023
S0411,Male,Engineering,18,100.0,5.2,72.0,27.0,66.0,Yes,16/11/2023
S0412,Male,Arts,21,69.9,4.1,58.0,28.0,58.0,Yes,07/06/2025
S0413,Male,Engineering,17,97.1,6.6,88.0,32.0,74.0,Yes,13/01/2024
S0414,Male,Engineering,18,95.1,0.6,36.0,17.0,46.0,Yes,15/07/2024
S0415,Male,Engineering,21,76.8,0.9,46.0,20.0,41.0,Yes,25/07/2025
S0416,Female,Science,17,89.9,5.9,69.0,29.0,70.0,No,11/10/2024
S0417,female,Arts,23,66.8,4.6,62.0,24.0,52.0,Yes,04/07/2023
S0418,Male,Science,19,90.2,5.0,64.0,31.0,69.0,Yes,12/03/2024
S0419,Male,Arts,19,72.5,2.1,51.0,18.0,37.0,Yes,05/04/2024
S0420,Female,Engineering,20,88.7,4.5,69.0,25.0,67.0,Yes,07/01/2024
S0421,Female,Commerce,21,76.5,8.1,92.0,34.0,100.0,No,10/12/2023
S0422,Female,Commerce,20,94.4,6.0,70.0,34.0,84.0,No,07/07/2024
S0423,Female,Science,23,97.4,4.8,71.0,33.0,73.0,Yes,28/03/2024
S0424,Female,Engineering,23,77.7,3.7,53.0,23.0,56.0,No,22/01/2024
S0425,Male,Science,18,74.3,3.8,65.0,28.0,43.0,No,26/04/2024
S0426,Male,Science,21,59.5,0.7,37.0,15.0,25.0,No,01/03/2024
S0427,Female,Science,19,84.8,5.0,74.0,34.0,75.0,Yes,30/11/2023
S0428,Female,Science,23,83.2,6.0,88.0,27.0,66.0,Yes,28/05/2024
S0429,Male,Commerce,18,67.0,1.7,48.0,24.0,37.0,No,23/06/2025
S0430,M,Commerce,19,,3.3,39.0,24.0,56.0,No,09/07/2024
S0431,Male,Commerce,21,79.1,2.4,48.0,29.0,42.0,No,21/09/2024
S0432,Female,Science,22,73.4,2.8,64.0,25.0,42.0,No,27/07/2025
S0433,Female,Science,17,,4.6,67.0,24.0,63.0,Yes,03/10/2024
S0434,Male,Commerce,20,91.8,0.7,45.0,19.0,36.0,No,26/11/2023
S0435,Male,Science,19,94.4,5.6,76.0,33.0,67.0,No,14/04/2024
S0436,Male,Arts,21,87.5,5.9,73.0,34.0,67.0,Yes,25/06/2024
S0437,Female,Science,20,92.2,4.0,70.0,27.0,66.0,No,14/06/2024
S0438,Female,Commerce,23,69.1,0.5,50.0,18.0,34.0,No,28/09/2023
S0439,Male,Commerce,23,84.4,2.7,66.0,26.0,51.0,No,24/08/2023
S0440,Male,Commerce,21,91.5,6.7,76.0,33.0,82.0,No,06/03/2024
S0441,Female,Science,21,76.1,0.5,50.0,15.0,36.0,No,01/06/2025
S0442,Male,Science,23,90.2,3.9,57.0,24.0,59.0,No,25/12/2024
S0443,Male,Engineering,18,,2.4,47.0,23.0,52.0,No,04/04/2025
S0444,M,Science,22,93.9,,83.0,35.0,79.0,Yes,18/10/2023
S0445,Female,Commerce,22,90.5,3.3,58.0,30.0,56.0,Yes,27/04/2024
S0446,M,Commerce,17,58.6,5.2,72.0,29.0,61.0,Yes,08/09/2024
S0447,Male,Commerce,23,100.0,5.5,68.0,32.0,68.0,Yes,13/05/2024
S0448,Female,Commerce,21,61.2,7.8,74.0,34.0,71.0,Yes,29/04/2024
S0449,female,Engineering,19,80.0,4.1,61.0,24.0,65.0,No,14/03/2024
S0450,Male,Engineering,20,98.1,5.2,77.0,30.0,74.0,Yes,12/07/2023
S0451,Female,Science,20,79.5,1.8,53.0,19.0,49.0,Yes,16/04/2025
S0452,Female,Commerce,23,75.2,6.6,59.0,27.0,75.0,No,16/06/2025
S0453,Male,Science,23,73.7,3.1,54.0,25.0,52.0,Yes,04/08/2023
S0454,Male,Commerce,22,95.5,3.5,72.0,27.0,65.0,No,26/04/2024
S0455,Female,Arts,21,67.5,4.5,61.0,28.0,65.0,No,19/07/2024
S0456,Female,Science,17,93.8,1.7,34.0,24.0,55.0,No,17/02/2025
S0457,Male,Commerce,23,86.8,4.9,80.0,29.0,65.0,Yes,29/07/2025
S0458,Female,Engineering,17,77.4,6.2,76.0,32.0,81.0,Yes,29/04/2024
S0459,Female,Science,18,81.7,5.0,64.0,28.0,67.0,No,20/01/2025
S0460,Male,Commerce,17,72.2,1.6,45.0,22.0,47.0,No,19/06/2025
S0461,Female,Arts,23,95.1,4.3,70.0,26.0,67.0,Yes,26/03/2025
S0462,Male,Science,20,96.0,5.8,65.0,32.0,76.0,No,19/01/2024
S0463,Female,Science,18,64.5,1.1,55.0,21.0,33.0,No,15/03/2025
S0464,Male,Science,17,79.9,2.6,57.0,21.0,55.0,Yes,25/04/2024
S0465,Male,Engineering,19,80.5,6.1,72.0,30.0,92.0,No,15/06/2023
S0466,Female,Science,22,100.0,5.0,66.0,28.0,67.0,Yes,28/01/2025
S0467,Male,Science,23,74.3,5.2,65.0,26.0,65.0,Yes,30/03/2025
S0468,Female,Science,20,100.0,7.8,87.0,32.0,84.0,No,01/03/2024
S0469,Male,Science,21,87.6,5.3,60.0,33.0,65.0,Yes,26/05/2024
S0470,Female,Arts,22,76.9,5.7,56.0,32.0,79.0,No,18/03/2024
S0471,Female,Science,23,87.3,9.4,92.0,39.0,89.0,No,02/09/2023
S0472,Female,Arts,18,78.1,4.1,66.0,32.0,56.0,Yes,04/08/2025
S0473,Male,Arts,23,71.9,3.1,59.0,23.0,40.0,No,19/06/2023
S0474,Male,Engineering,20,88.9,5.3,70.0,39.0,64.0,Yes,18/08/2024
S0475,Female,Science,23,75.7,5.3,64.0,27.0,54.0,Yes,12/06/2023
S0476,Female,Engineering,17,63.6,3.6,64.0,24.0,57.0,No,03/12/2024
S0477,Female,Arts,17,80.1,2.6,53.0,22.0,70.0,No,21/05/2025
S0478,Male,Science,23,75.0,8.7,80.0,36.0,83.0,No,27/10/2024
S0479,Female,Engineering,21,80.1,5.1,63.0,31.0,54.0,Yes,27/09/2024
S0480,Male,Engineering,18,75.7,3.2,72.0,24.0,59.0,Yes,24/03/2025
S0481,Male,Science,23,80.4,6.1,57.0,36.0,67.0,No,19/07/2025
S0482,Female,Engineering,17,100.0,4.3,65.0,29.0,75.0,Yes,20/04/2025
S0483,Male,Commerce,21,86.6,4.0,47.0,27.0,59.0,Yes,03/12/2023
S0484,Female,Arts,18,90.7,5.5,67.0,27.0,66.0,No,24/08/2024
S0485,Male,Engineering,17,65.5,2.2,48.0,22.0,43.0,Yes,17/03/2025
S0486,Male,Commerce,22,81.1,5.1,49.0,28.0,71.0,Yes,22/01/2024
S0487,Male,Engineering,22,94.0,7.9,83.0,33.0,84.0,Yes,22/11/2024
S0488,Female,Commerce,17,77.7,5.3,63.0,26.0,63.0,No,19/06/2023
S0489,Female,Engineering,17,94.8,3.8,42.0,35.0,60.0,No,02/05/2025
S0490,Female,Arts,21,73.4,3.6,65.0,24.0,46.0,No,04/10/2024
S0491,Female,Science,17,82.8,3.8,70.0,22.0,61.0,Yes,15/01/2025
S0492,Female,Commerce,22,80.1,4.0,72.0,24.0,47.0,Yes,22/03/2025
S0493,Female,Commerce,23,87.3,3.8,62.0,26.0,57.0,No,23/11/2023
S0494,Female,Science,22,82.7,6.1,71.0,32.0,78.0,Yes,26/05/2024
S0495,Male,Science,18,79.4,1.4,58.0,22.0,45.0,No,17/04/2025
S0496,Male,Commerce,18,86.8,6.1,84.0,33.0,77.0,No,10/10/2023
S0497,Male,Science,21,78.4,3.8,68.0,24.0,57.0,No,19/03/2025
S0498,Male,Science,17,92.7,5.2,58.0,31.0,78.0,No,17/01/2024
S0499,Female,Arts,20,86.1,2.5,54.0,21.0,58.0,No,03/09/2024
S0500,Male,Arts,20,89.5,6.9,78.0,31.0,82.0,Yes,12/07/2024
S0501,Male,Arts,22,85.7,6.7,59.0,29.0,83.0,No,01/12/2024
S0502,Female,Commerce,18,97.3,6.2,75.0,29.0,82.0,No,31/03/2025
S0503,Female,Engineering,22,80.3,1.8,67.0,25.0,43.0,No,06/03/2024
S0504,Female,Arts,21,,6.0,75.0,33.0,63.0,No,16/10/2023
S0505,Male,Science,18,88.8,5.2,78.0,32.0,71.0,No,04/05/2024
S0506,Male,Science,19,99.4,1.6,49.0,23.0,53.0,No,02/10/2024
S0507,Female,Arts,17,,4.5,62.0,29.0,68.0,Yes,21/01/2025
S0508,Male,Science,20,95.5,5.2,69.0,25.0,64.0,No,23/01/2025
S0509,Male,Commerce,18,69.3,5.5,61.0,31.0,59.0,No,27/02/2024
S0510,Male,Engineering,17,89.4,4.8,56.0,29.0,69.0,Yes,18/06/2025
S0511,Female,Science,20,100.0,5.0,75.0,32.0,70.0,No,06/08/2023
S0512,Female,Science,20,95.7,7.2,87.0,35.0,69.0,No,02/09/2023
S0513,Female,Engineering,17,91.8,6.7,66.0,30.0,81.0,Yes,20/06/2023
S0514,Female,Arts,18,75.1,0.5,50.0,14.0,24.0,Yes,11/06/2025
S0515,Female,Science,17,86.2,3.9,59.0,24.0,53.0,No,23/10/2023
S0516,Male,Engineering,21,83.8,4.2,64.0,28.0,71.0,Yes,24/09/2024
S0517,Female,Engineering,19,74.1,1.3,50.0,22.0,54.0,Yes,12/03/2025
S0518,Male,Commerce,17,84.2,4.7,71.0,24.0,56.0,No,03/02/2025
S0519,Male,Arts,18,92.0,6.7,74.0,30.0,76.0,Yes,29/06/2025
S0520,Female,Science,23,76.1,2.5,64.0,20.0,,Yes,14/07/2023
S0521,Male,Science,18,79.6,5.1,68.0,27.0,78.0,No,21/04/2024
S0522,Male,Arts,21,70.7,,59.0,19.0,47.0,Yes,09/07/2024
S0523,Male,Science,20,88.9,3.3,50.0,21.0,54.0,No,08/12/2024
S0524,Female,Arts,18,96.3,7.2,93.0,32.0,93.0,No,11/10/2024
S0525,Male,Engineering,19,87.6,3.5,61.0,26.0,55.0,No,21/08/2024
S0526,Male,Science,17,,5.3,72.0,27.0,76.0,No,01/02/2024
S0527,Female,Arts,22,82.5,1.1,33.0,20.0,32.0,No,25/08/2023
S0528,Male,Science,19,95.8,7.9,73.0,39.0,85.0,Yes,11/05/2024
S0529,Female,Engineering,20,91.4,5.6,78.0,26.0,60.0,No,25/12/2023
S0530,M,Science,18,85.4,4.2,63.0,26.0,54.0,Yes,17/08/2024
S0531,Female,Arts,22,82.9,5.5,52.0,32.0,75.0,No,27/02/2025
S0532,Male,Arts,18,100.0,2.0,58.0,23.0,52.0,No,16/08/2024
S0533,Male,Commerce,20,85.4,6.6,69.0,30.0,74.0,Yes,09/09/2024
S0534,Male,Arts,23,79.2,3.9,71.0,29.0,53.0,Yes,04/07/2023
S0535,Female,Arts,21,90.5,4.1,60.0,26.0,61.0,No,28/10/2024
S0536,Male,Arts,21,87.9,3.6,60.0,29.0,61.0,Yes,17/05/2024
S0537,Male,Engineering,23,71.2,3.5,67.0,25.0,61.0,Yes,07/09/2023
S0538,Male,Engineering,18,99.9,,62.0,31.0,56.0,Yes,19/11/2023
S0539,Female,Commerce,23,86.6,5.0,57.0,30.0,61.0,No,14/02/2025
S0540,Male,Commerce,20,77.4,5.7,67.0,30.0,70.0,No,03/06/2025
S0541,Female,Science,19,98.6,4.5,69.0,32.0,66.0,No,11/07/2024
S0542,Male,Engineering,18,94.4,5.4,56.0,29.0,74.0,No,21/07/2025
S0543,Male,Commerce,22,72.9,3.7,45.0,25.0,57.0,Yes,23/10/2023
S0544,Male,Commerce,23,100.0,8.5,89.0,37.0,89.0,Yes,26/01/2024
S0545,Female,Science,21,89.1,1.7,44.0,24.0,44.0,No,14/06/2025
S0546,Male,Engineering,17,,6.8,71.0,30.0,77.0,No,19/10/2023
S0547,Male,Commerce,20,100.0,7.0,60.0,37.0,90.0,No,09/11/2024
S0548,Female,Arts,22,86.1,3.0,50.0,26.0,49.0,No,23/11/2023
S0549,Female,Science,19,92.5,8.5,82.0,32.0,89.0,No,20/02/2024
S0550,Female,Engineering,22,82.8,6.3,79.0,35.0,75.0,No,17/06/2024
S0551,Female,Science,21,95.1,6.2,65.0,39.0,87.0,No,14/03/2024
S0552,Male,Science,17,91.7,,76.0,31.0,63.0,No,30/04/2025
S0553,Female,Engineering,20,86.3,4.1,55.0,31.0,68.0,No,18/07/2025
S0554,Male,Engineering,18,78.3,4.1,55.0,26.0,68.0,No,05/07/2024
S0555,Female,Science,20,89.1,5.2,78.0,24.0,68.0,No,25/07/2024
S0556,Female,Commerce,19,89.8,7.0,77.0,27.0,78.0,No,15/07/2023
S0557,Female,Arts,22,73.9,4.8,60.0,28.0,60.0,Yes,05/12/2023
S0558,Female,Engineering,23,69.6,2.9,53.0,21.0,48.0,Yes,02/07/2023
S0559,Female,Commerce,20,94.7,6.0,81.0,29.0,81.0,No,16/04/2025
S0560,Female,Commerce,20,63.3,6.2,83.0,29.0,70.0,No,29/11/2023
S0561,Female,Arts,21,90.6,5.7,62.0,32.0,73.0,No,28/02/2024
S0562,Male,Arts,21,83.9,5.8,69.0,26.0,63.0,No,05/04/2025
S0563,Male,Engineering,21,99.1,4.0,61.0,27.0,57.0,Yes,22/12/2024
S0564,Male,Arts,22,79.3,2.8,46.0,28.0,67.0,No,10/10/2024
S0565,Female,Science,23,90.9,2.9,54.0,22.0,54.0,No,01/07/2023
S0566,Male,Engineering,22,,1.6,48.0,24.0,39.0,No,24/08/2024
S0567,Male,Engineering,17,88.5,4.9,74.0,27.0,77.0,No,22/08/2024
S0568,Male,Engineering,20,93.8,4.3,71.0,30.0,66.0,Yes,11/02/2024
S0569,Female,Science,20,80.9,3.7,56.0,29.0,61.0,No,16/01/2025
S0570,Female,Science,20,90.7,0.5,41.0,22.0,40.0,No,13/06/2025
S0571,Female,Arts,20,73.5,2.3,57.0,25.0,45.0,No,25/12/2023
S0572,Male,Science,22,92.7,6.5,68.0,29.0,76.0,No,20/02/2024
S0573,Male,Engineering,19,94.2,3.3,61.0,29.0,49.0,Yes,13/02/2024
S0574,Male,Commerce,18,,5.1,65.0,27.0,69.0,No,29/03/2025
S0575,Male,Arts,20,100.0,2.0,42.0,25.0,54.0,No,02/08/2023
S0576,Male,Engineering,22,83.0,7.1,68.0,33.0,91.0,Yes,17/05/2025
S0577,Female,Commerce,19,72.5,4.2,73.0,27.0,59.0,No,10/02/2025
S0578,Female,Commerce,17,77.6,5.0,64.0,29.0,48.0,Yes,21/06/2024
S0579,Female,Arts,23,99.7,8.7,97.0,35.0,91.0,Yes,09/09/2024
S0580,Male,Arts,18,95.8,7.2,72.0,30.0,100.0,Yes,16/05/2025
S0581,Male,Commerce,21,86.9,,62.0,29.0,66.0,Yes,05/02/2025
S0582,Female,Arts,22,73.9,3.4,76.0,25.0,48.0,No,08/01/2024
S0583,Male,Engineering,18,93.5,3.9,51.0,31.0,66.0,No,11/07/2023
S0584,Male,Commerce,19,75.9,5.4,52.0,28.0,61.0,Yes,08/11/2024
S0585,Male,Science,18,98.0,4.3,72.0,24.0,56.0,No,25/09/2023
S0586,Female,Commerce,18,100.0,3.8,52.0,30.0,60.0,Yes,10/08/2023
S0587,Female,Commerce,18,94.3,7.1,75.0,33.0,82.0,Yes,25/07/2025
S0588,Male,Science,18,92.3,4.3,57.0,29.0,51.0,Yes,14/06/2024
S0589,Female,Science,20,88.0,8.6,85.0,34.0,81.0,No,02/11/2024
S0590,Female,Arts,20,68.9,4.7,56.0,31.0,60.0,Yes,21/11/2023
S0591,Female,Commerce,17,85.5,7.7,77.0,31.0,80.0,No,21/08/2023
S0592,Female,Engineering,22,76.7,5.1,69.0,27.0,68.0,Yes,21/07/2023
S0593,Male,Science,21,74.8,6.2,63.0,30.0,62.0,No,10/03/2024
S0594,female,Science,17,100.0,3.2,50.0,23.0,64.0,No,03/06/2023
S0595,Male,Engineering,22,,3.0,52.0,26.0,47.0,Yes,02/05/2024
S0596,Female,Engineering,17,91.7,5.3,55.0,35.0,81.0,Yes,15/02/2024
S0597,Female,Science,20,86.4,,68.0,30.0,62.0,No,26/07/2024
S0598,Female,Science,20,85.2,4.6,64.0,29.0,56.0,No,14/09/2024
S0599,Female,Science,20,92.9,2.2,48.0,15.0,54.0,No,02/02/2024
S0600,Female,Commerce,23,82.8,2.1,48.0,22.0,60.0,Yes,30/05/2024
S0447,Male,Commerce,23,100.0,5.5,68.0,32.0,68.0,Yes,13/05/2024
S0405,Male,Science,21,79.5,3.8,62.0,21.0,62.0,Yes,31/12/2024
S0510,Male,Engineering,17,89.4,4.8,56.0,29.0,69.0,Yes,18/06/2025
S0456,Female,Science,17,93.8,1.7,34.0,24.0,55.0,No,17/02/2025
S0202,Female,Engineering,22,79.6,4.4,58.0,28.0,68.0,No,23/12/2024
S0024,Female,Commerce,23,85.0,3.5,63.0,22.0,59.0,No,12/05/2024
S0416,Female,Science,17,89.9,5.9,69.0,29.0,70.0,No,11/10/2024
S0549,Female,Science,19,92.5,8.5,82.0,32.0,89.0,No,20/02/2024
